code,year,che_gdp,che_pc_usd,che,gghed,pvtd,ext,dom_che,gghed_che,pvtd_che,oops_che,vpp_che,gghed_gdp,gghed_gge,gghed_pc_usd,pvtd_pc_usd,oop_pc_usd,cfa_che,gfa_che,vfa_che,vhi_che,gge_gdp,gdp_pc_usd,fs,fs1,fs11,fs14,fs5,fs6,fs61,fs62,fs63,fs7,hf,hf1,hf11,hf2,hf21,hf22,hf23,hf3,gdp_ncu_pc,pfc_ncu_pc,gge_ncu_pc,fs_usd_pc,fs1_usd_pc,fs11_usd_pc,fs14_usd_pc,fs5_usd_pc,fs6_usd_pc,fs61_usd_pc,fs62_usd_pc,fs63_usd_pc,hf_usd_pc,hf1_usd_pc,hf11_usd_pc,hf2_usd_pc,hf21_usd_pc,hf22_usd_pc,hf23_usd_pc,hf3_usd_pc,pfc_usd_pc,gge_usd_pc,che_ppp_pc,gghed_ppp_pc,pvtd_ppp_pc,fs_ppp_pc,fs1_ppp_pc,fs11_ppp_pc,fs14_ppp_pc,fs5_ppp_pc,fs6_ppp_pc,fs61_ppp_pc,fs62_ppp_pc,fs63_ppp_pc,hf_ppp_pc,hf1_ppp_pc,hf11_ppp_pc,hf2_ppp_pc,hf21_ppp_pc,hf22_ppp_pc,hf23_ppp_pc,hf3_ppp_pc,gdp_ppp_pc,pfc_ppp_pc,gge_ppp_pc,pvtd_gdp,fs_gdp,fs1_gdp,fs11_gdp,fs5_gdp,fs6_gdp,fs61_gdp,fs62_gdp,hf_gdp,hf1_gdp,hf11_gdp,hf2_gdp,hf21_gdp,hf22_gdp,hf23_gdp,hf3_gdp,pfc_gdp,fs1_gge,fs11_gge,fs14_gge,hf11_gge,fs1_che,fs11_che,fs14_che,fs5_che,fs6_che,fs61_che,fs62_che,fs63_che,hf1_che,hf11_che,hf2_che,hf21_che,hf22_che,hf23_che,hf3_che,che_ncu2022,gghed_ncu2022,pvtd_ncu2022,ext_ncu2022,fs_ncu2022,fs1_ncu2022,fs11_ncu2022,fs14_ncu2022,fs5_ncu2022,fs6_ncu2022,fs61_ncu2022,fs62_ncu2022,fs63_ncu2022,fs7_ncu2022,hf_ncu2022,hf1_ncu2022,hf11_ncu2022,hf2_ncu2022,hf21_ncu2022,hf22_ncu2022,hf23_ncu2022,hf3_ncu2022,gdp_ncu2022,pfc_ncu2022,gge_ncu2022,che_usd2022,gghed_usd2022,pvtd_usd2022,ext_usd2022,fs_usd2022,fs1_usd2022,fs11_usd2022,fs14_usd2022,fs5_usd2022,fs6_usd2022,fs61_usd2022,fs62_usd2022,fs63_usd2022,fs7_usd2022,hf_usd2022,hf1_usd2022,hf11_usd2022,hf2_usd2022,hf21_usd2022,hf22_usd2022,hf23_usd2022,hf2nec_usd2022,hf3_usd2022,gdp_usd2022,pfc_usd2022,gge_usd2022,che_ncu2022_pc,gghed_ncu2022_pc,pvtd_ncu2022_pc,fs_ncu2022_pc,fs1_ncu2022_pc,fs11_ncu2022_pc,fs14_ncu2022_pc,fs5_ncu2022_pc,fs6_ncu2022_pc,fs61_ncu2022_pc,fs62_ncu2022_pc,fs63_ncu2022_pc,hf_ncu2022_pc,hf1_ncu2022_pc,hf11_ncu2022_pc,hf2_ncu2022_pc,hf21_ncu2022_pc,hf22_ncu2022_pc,hf23_ncu2022_pc,hf3_ncu2022_pc,gdp_ncu2022_pc,pfc_ncu2022_pc,gge_ncu2022_pc,che_usd2022_pc,gghed_usd2022_pc,pvtd_usd2022_pc,fs_usd2022_pc,fs1_usd2022_pc,fs11_usd2022_pc,fs14_usd2022_pc,fs5_usd2022_pc,fs6_usd2022_pc,fs61_usd2022_pc,fs62_usd2022_pc,fs63_usd2022_pc,hf_usd2022_pc,hf1_usd2022_pc,hf11_usd2022_pc,hf2_usd2022_pc,hf21_usd2022_pc,hf22_usd2022_pc,hf23_usd2022_pc,hf3_usd2022_pc,pfc_usd2022_pc,gge_usd2022_pc
GBR,2000,7.16,2027.64,78780.04,59714.11,19059.74,6.19,99.99,75.80,24.19,18.22,4.29,5.42,15.40,1536.92,490.56,369.43,75.36,75.36,24.64,4.29,35.23,28331.20,78780.04,59714.11,59285.48,428.64,3380.42,15679.32,14852.75,782.16,44.41,6.19,78780.04,59368.43,59368.43,5058.25,3380.42,997.83,680.00,14353.36,18724.97,12385.17,6597.28,2027.64,1536.92,1525.89,11.03,87.01,403.56,382.28,20.13,1.14,2027.64,1528.03,1528.03,130.19,87.01,25.68,17.50,369.43,18738.97,9981.81,1902.19,1441.83,460.21,1902.19,1441.83,1431.48,10.35,81.62,378.59,358.63,18.89,1.07,1902.19,1433.48,1433.48,122.13,81.62,24.09,16.42,346.57,26578.26,17579.53,9364.20,1.73,7.16,5.42,5.39,0.31,1.42,1.35,0.07,7.16,5.39,5.39,0.46,0.31,0.09,0.06,1.30,66.14,15.40,15.29,0.11,15.31,75.80,75.25,0.54,4.29,19.90,18.85,0.99,0.06,75.36,75.36,6.42,4.29,1.27,0.86,18.22,128090.00,97090.34,30989.60,10.06,128090.00,97090.34,96393.41,696.93,5496.29,25493.31,24149.37,1271.73,72.20,10.06,128090.00,96528.29,96528.29,8224.31,5496.29,1622.39,1105.63,23337.40,1789734.06,1183775.03,630568.95,157882.01,119672.25,38197.36,12.41,157882.02,119672.25,118813.22,859.02,6774.65,31422.71,29766.20,1567.52,89.00,12.41,157882.02,118979.47,118979.47,10137.17,6774.65,1999.74,1362.78,,28765.37,2206002.25,1459105.26,777230.85,2178.95,1651.61,527.17,2178.95,1651.61,1639.76,11.86,93.50,433.67,410.81,21.63,1.23,2178.95,1642.05,1642.05,139.90,93.50,27.60,18.81,396.99,30445.29,20137.28,10726.65,2685.74,2035.75,649.78,2685.74,2035.75,2021.14,14.61,115.24,534.53,506.35,26.67,1.51,2685.74,2023.97,2023.97,172.44,115.24,34.02,23.18,489.33,24820.94,13221.53
GBR,2001,7.45,2083.99,85411.28,64742.12,20662.48,6.68,99.99,75.80,24.19,18.13,4.47,5.65,15.59,1579.67,504.15,377.92,75.36,75.36,24.64,4.47,36.24,27965.09,85411.28,64742.12,64279.65,462.47,3814.24,16848.25,16027.67,772.67,47.91,6.68,85411.28,64369.59,64369.59,5552.83,3814.24,1076.59,662.00,15488.86,19426.09,12853.56,7039.87,2083.99,1579.67,1568.39,11.28,93.07,411.09,391.07,18.85,1.17,2083.99,1570.58,1570.58,135.49,93.07,26.27,16.15,377.92,18503.51,10134.35,2084.52,1580.08,504.28,2084.52,1580.08,1568.79,11.29,93.09,411.19,391.17,18.86,1.17,2084.52,1570.99,1570.99,135.52,93.09,26.27,16.16,378.02,27972.26,18508.25,10136.94,1.80,7.45,5.65,5.61,0.33,1.47,1.40,0.07,7.45,5.62,5.62,0.48,0.33,0.09,0.06,1.35,66.17,15.59,15.48,0.11,15.50,75.80,75.26,0.54,4.47,19.73,18.77,0.90,0.06,75.36,75.36,6.50,4.47,1.26,0.78,18.13,136812.36,103704.36,33097.30,10.70,136812.36,103704.36,102963.57,740.79,6109.67,26987.63,25673.22,1237.66,76.75,10.70,136812.36,103107.64,103107.64,8894.56,6109.67,1724.49,1060.40,24810.16,1835886.66,1214741.28,665311.99,168633.08,127824.60,40795.29,13.19,168633.08,127824.60,126911.52,913.08,7530.70,33264.59,31644.47,1525.52,94.60,13.19,168633.08,127089.10,127089.10,10963.31,7530.70,2125.58,1307.03,,30580.67,2262889.32,1497273.85,820054.66,2318.86,1757.71,560.97,2318.86,1757.71,1745.15,12.56,103.55,457.42,435.14,20.98,1.30,2318.86,1747.59,1747.59,150.76,103.55,29.23,17.97,420.51,31116.84,20588.91,11276.52,2858.20,2166.53,691.45,2858.20,2166.53,2151.05,15.48,127.64,563.81,536.35,25.86,1.60,2858.20,2154.06,2154.06,185.82,127.64,36.03,22.15,518.32,25377.62,13899.28
GBR,2002,7.88,2374.82,93867.20,72027.80,21831.89,7.51,99.99,76.73,23.26,17.46,4.26,6.05,16.06,1822.29,552.34,414.63,76.29,76.29,23.71,4.26,37.65,30143.17,93867.20,72027.80,71508.02,519.78,4001.40,17830.49,16994.29,782.35,53.85,7.51,93867.20,71608.08,71608.08,5870.42,4001.40,1210.01,659.00,16388.71,20112.22,13247.43,7572.71,2374.82,1822.29,1809.14,13.15,101.23,451.11,429.95,19.79,1.36,2374.82,1811.67,1811.67,148.52,101.23,30.61,16.67,414.63,19854.58,11349.59,2296.84,1762.45,534.20,2296.84,1762.45,1749.73,12.72,97.91,436.29,415.83,19.14,1.32,2296.84,1752.18,1752.18,143.64,97.91,29.61,16.13,401.02,29153.34,19202.60,10976.90,1.83,7.88,6.05,6.00,0.34,1.50,1.43,0.07,7.88,6.01,6.01,0.49,0.34,0.10,0.06,1.38,65.87,16.06,15.94,0.12,15.96,76.73,76.18,0.55,4.26,19.00,18.10,0.83,0.06,76.29,76.29,6.25,4.26,1.29,0.70,17.46,147231.77,112976.42,34243.57,11.77,147231.77,112976.42,112161.13,815.29,6276.24,27967.33,26655.74,1227.12,84.47,11.77,147231.77,112318.08,112318.08,9207.81,6276.24,1897.92,1033.65,25705.88,1868785.49,1230923.72,703640.43,181475.90,139253.22,42208.17,14.51,181475.91,139253.22,138248.31,1004.91,7736.01,34472.16,32855.51,1512.53,104.11,14.51,181475.91,138441.76,138441.76,11349.43,7736.01,2339.35,1274.06,,31684.72,2303439.99,1517220.11,867297.77,2485.36,1907.11,578.05,2485.36,1907.11,1893.35,13.76,105.95,472.11,449.97,20.71,1.43,2485.36,1896.00,1896.00,155.43,105.95,32.04,17.45,433.93,31546.24,20778.74,11877.88,3063.42,2350.68,712.50,3063.42,2350.68,2333.72,16.96,130.59,581.91,554.62,25.53,1.76,3063.42,2336.98,2336.98,191.59,130.59,39.49,21.51,534.86,25611.60,14640.52
GBR,2003,8.08,2789.35,101652.16,79473.15,22170.45,8.56,99.99,78.18,21.81,16.30,4.02,6.32,16.24,2180.76,608.36,454.55,77.71,77.71,22.29,4.02,38.89,34528.88,101652.15,79473.15,78880.58,592.57,4086.64,18083.81,17255.49,766.93,61.39,8.56,101652.15,78990.96,78990.96,6096.09,4086.64,1379.46,630.00,16565.10,21147.98,13820.13,8223.81,2789.35,2180.76,2164.50,16.26,112.14,496.22,473.49,21.04,1.68,2789.35,2167.52,2167.52,167.28,112.14,37.85,17.29,454.55,22564.51,13427.24,2455.16,1919.48,535.47,2455.16,1919.48,1905.17,14.31,98.70,436.77,416.76,18.52,1.48,2455.16,1907.84,1907.84,147.24,98.70,33.32,15.22,400.09,30392.01,19861.07,11818.53,1.76,8.08,6.32,6.27,0.32,1.44,1.37,0.06,8.08,6.28,6.28,0.48,0.32,0.11,0.05,1.32,65.35,16.24,16.12,0.12,16.14,78.18,77.60,0.58,4.02,17.79,16.98,0.75,0.06,77.71,77.71,6.00,4.02,1.36,0.62,16.30,155716.60,121741.53,33961.96,13.11,155716.60,121741.53,120833.80,907.73,6260.14,27701.81,26432.95,1174.82,94.04,13.11,155716.60,121002.87,121002.87,9338.35,6260.14,2113.13,965.07,25375.38,1927588.17,1259672.33,749580.69,191934.20,150056.98,41861.06,16.16,191934.19,150056.98,148938.12,1118.86,7716.17,34144.88,32580.90,1448.07,115.92,16.16,191934.19,149146.52,149146.52,11510.32,7716.17,2604.62,1189.53,,31277.35,2375919.38,1552655.26,923923.12,2617.02,2046.03,570.78,2617.02,2046.03,2030.77,15.26,105.21,465.57,444.24,19.74,1.58,2617.02,2033.61,2033.61,156.94,105.21,35.51,16.22,426.47,32395.68,21170.47,12597.70,3225.71,2521.91,703.53,3225.71,2521.91,2503.10,18.80,129.68,573.85,547.57,24.34,1.95,3225.71,2506.61,2506.61,193.45,129.68,43.77,19.99,525.66,26094.43,15527.76
GBR,2004,8.34,3377.12,110290.41,88327.35,21954.45,8.62,99.99,80.09,19.91,14.74,3.84,6.68,16.66,2704.60,672.25,497.69,79.66,79.66,20.34,3.84,40.08,40499.44,110290.41,88327.35,87730.68,596.67,4232.50,17721.95,16948.65,711.49,61.82,8.62,110290.41,87853.44,87853.44,6183.49,4232.50,1388.99,562.00,16253.49,22119.98,14407.37,8866.51,3377.12,2704.60,2686.33,18.27,129.60,542.65,518.97,21.79,1.89,3377.12,2690.09,2690.09,189.34,129.60,42.53,17.21,497.69,26378.43,16233.68,2681.68,2147.66,533.82,2681.68,2147.66,2133.15,14.51,102.91,430.90,412.10,17.30,1.50,2681.68,2136.13,2136.13,150.35,102.91,33.77,13.66,395.20,32159.55,20946.43,12890.74,1.66,8.34,6.68,6.63,0.32,1.34,1.28,0.05,8.34,6.64,6.64,0.47,0.32,0.11,0.04,1.23,65.13,16.66,16.55,0.11,16.57,80.09,79.55,0.54,3.84,16.07,15.37,0.65,0.06,79.66,79.66,5.61,3.84,1.26,0.51,14.74,164635.57,131850.29,32772.42,12.86,164635.57,131850.29,130959.62,890.67,6318.04,26454.38,25300.02,1062.08,92.28,12.86,164635.57,131142.86,131142.86,9230.37,6318.04,2073.41,838.92,24262.33,1974361.03,1285957.35,791397.18,202927.60,162516.90,40394.84,15.85,202927.60,162516.90,161419.07,1097.83,7787.53,32607.31,31184.47,1309.10,113.74,15.85,202927.60,161644.94,161644.94,11377.24,7787.53,2555.66,1034.05,,29905.42,2433570.99,1585053.82,975465.57,2753.39,2205.08,548.09,2753.39,2205.08,2190.19,14.90,105.66,442.43,423.12,17.76,1.54,2753.39,2193.25,2193.25,154.37,105.66,34.68,14.03,405.77,33019.52,21506.55,13235.45,3393.79,2717.96,675.57,3393.79,2717.96,2699.60,18.36,130.24,545.33,521.53,21.89,1.90,3393.79,2703.37,2703.37,190.27,130.24,42.74,17.29,500.14,26508.68,16313.84
GBR,2005,8.39,3547.29,117415.31,95381.99,22023.95,9.37,99.99,81.23,18.76,13.43,3.99,6.82,16.53,2881.63,665.38,476.54,80.79,80.79,19.21,3.99,41.25,42258.27,117415.31,95381.99,94732.95,649.04,4688.36,17335.59,16529.71,738.64,67.24,9.37,117415.31,94865.50,94865.50,6776.27,4688.36,1510.91,577.00,15773.54,23241.96,15001.57,9586.26,3547.29,2881.63,2862.02,19.61,141.64,523.73,499.39,22.32,2.03,3547.29,2866.03,2866.03,204.72,141.64,45.65,17.43,476.54,27275.67,17429.63,2757.14,2239.75,517.16,2757.14,2239.75,2224.51,15.24,110.09,407.07,388.15,17.34,1.58,2757.14,2227.62,2227.62,159.12,110.09,35.48,13.55,370.39,32845.31,21200.06,13547.21,1.57,8.39,6.82,6.77,0.34,1.24,1.18,0.05,8.39,6.78,6.78,0.48,0.34,0.11,0.04,1.13,64.55,16.53,16.42,0.11,16.44,81.23,80.68,0.55,3.99,14.76,14.08,0.63,0.06,80.79,80.79,5.77,3.99,1.29,0.49,13.43,170273.16,138320.90,31938.66,13.59,170273.16,138320.90,137379.68,941.22,6798.96,25139.71,23971.04,1071.16,97.51,13.59,170273.16,137571.91,137571.91,9826.80,6798.96,2191.09,836.75,22874.45,2028435.67,1309257.37,836638.41,209876.41,170492.49,39367.17,16.75,209876.41,170492.49,169332.35,1160.14,8380.30,30986.86,29546.38,1320.29,120.19,16.75,209876.41,169569.29,169569.29,12112.38,8380.30,2700.71,1031.37,,28194.74,2500222.66,1613773.11,1031229.30,2829.30,2298.37,530.70,2829.30,2298.37,2282.74,15.64,112.97,417.73,398.31,17.80,1.62,2829.30,2285.93,2285.93,163.28,112.97,36.41,13.90,380.09,33704.99,21754.95,13901.79,3487.36,2832.95,654.13,3487.36,2832.95,2813.67,19.28,139.25,514.89,490.95,21.94,2.00,3487.36,2817.61,2817.61,201.26,139.25,44.88,17.14,468.49,26814.86,17135.16
GBR,2006,8.55,3817.99,125788.97,103680.54,22098.08,10.35,99.99,82.42,17.57,12.28,3.96,7.04,17.23,3146.95,670.73,468.70,81.97,81.97,18.03,3.96,40.87,44679.81,125788.97,103680.54,102963.92,716.62,4981.86,17116.22,16276.79,765.18,74.24,10.35,125788.97,103107.99,103107.99,7239.09,4981.86,1668.23,589.00,15441.89,24282.90,15471.20,9924.42,3817.99,3146.95,3125.20,21.75,151.21,519.52,494.04,23.23,2.25,3817.99,3129.57,3129.57,219.72,151.21,50.63,17.88,468.70,28466.56,18260.64,2979.26,2455.63,523.38,2979.26,2455.63,2438.66,16.97,117.99,405.39,385.51,18.12,1.76,2979.26,2442.07,2442.07,171.45,117.99,39.51,13.95,365.73,34864.57,22213.04,14249.15,1.50,8.55,7.04,6.99,0.34,1.16,1.11,0.05,8.55,7.00,7.00,0.49,0.34,0.11,0.04,1.05,63.71,17.23,17.11,0.12,17.14,82.42,81.85,0.57,3.96,13.61,12.94,0.61,0.06,81.97,81.97,5.75,3.96,1.33,0.47,12.28,177470.64,146278.74,31177.31,14.60,177470.64,146278.74,145267.69,1011.05,7028.71,24148.59,22964.28,1079.57,104.75,14.60,177470.64,145470.96,145470.96,10213.34,7028.71,2353.63,831.00,21786.34,2076839.73,1323203.39,848804.49,218747.94,180301.21,38428.73,18.00,218747.94,180301.21,179055.01,1246.20,8663.50,29765.23,28305.46,1330.66,129.11,18.00,218747.94,179305.55,179305.55,12588.83,8663.50,2901.06,1024.28,,26853.55,2559884.85,1630962.79,1046225.06,2927.57,2413.03,514.30,2927.57,2413.03,2396.35,16.68,115.95,398.36,378.82,17.81,1.73,2927.57,2399.70,2399.70,168.48,115.95,38.83,13.71,359.39,34259.77,21827.71,14001.97,3608.49,2974.27,633.92,3608.49,2974.27,2953.71,20.56,142.91,491.01,466.93,21.95,2.13,3608.49,2957.84,2957.84,207.67,142.91,47.86,16.90,442.98,26904.54,17258.64
GBR,2007,8.76,4431.64,135265.63,108969.05,26286.13,10.44,99.99,80.56,19.43,14.27,3.88,7.05,17.16,3570.10,861.20,632.30,80.14,80.14,19.86,3.88,41.11,50606.15,135265.63,108969.05,108246.04,723.01,5248.64,21037.50,20141.73,820.86,74.91,10.44,135265.63,108397.51,108397.51,7568.75,5248.64,1683.11,637.00,19299.38,25291.54,16088.85,10398.25,4431.64,3570.10,3546.41,23.69,171.96,689.24,659.89,26.89,2.45,4431.64,3551.37,3551.37,247.97,171.96,55.14,20.87,632.30,32192.38,20805.98,3123.51,2516.28,606.99,3123.51,2516.28,2499.58,16.70,121.20,485.79,465.11,18.96,1.73,3123.51,2503.08,2503.08,174.77,121.20,38.87,14.71,445.65,35668.25,22689.85,14664.48,1.70,8.76,7.05,7.01,0.34,1.36,1.30,0.05,8.76,7.02,7.02,0.49,0.34,0.11,0.04,1.25,63.61,17.16,17.05,0.11,17.07,80.56,80.02,0.53,3.88,15.55,14.89,0.61,0.06,80.14,80.14,5.60,3.88,1.24,0.47,14.27,186636.85,150353.36,36269.09,14.41,186636.86,150353.36,149355.76,997.59,7241.97,29027.13,27791.17,1132.61,103.35,14.41,186636.86,149564.75,149564.75,10443.21,7241.97,2322.32,878.92,26628.90,2131259.81,1355770.81,876236.42,230046.09,185323.53,44704.79,17.76,230046.10,185323.53,184093.91,1229.62,8926.35,35778.45,34255.02,1396.04,127.39,17.76,230046.10,184351.51,184351.51,12872.16,8926.35,2862.46,1083.35,,32822.43,2626962.32,1671104.96,1080037.29,3055.95,2461.85,593.86,3055.95,2461.85,2445.52,16.33,118.58,475.28,455.05,18.55,1.69,3055.95,2448.94,2448.94,170.99,118.58,38.03,14.39,436.02,34896.76,22199.08,14347.30,3766.72,3034.45,731.99,3766.72,3034.45,3014.31,20.13,146.16,585.83,560.88,22.86,2.09,3766.72,3018.53,3018.53,210.77,146.16,46.87,17.74,537.43,27362.29,17684.29
GBR,2008,9.04,4301.42,144066.81,117126.61,26928.92,11.28,99.99,81.30,18.69,13.43,4.02,7.35,16.57,3497.06,804.02,577.65,80.87,80.87,19.13,4.02,44.34,47580.26,144066.81,117126.61,116345.78,780.83,5785.30,21143.62,20256.94,805.78,80.90,11.28,144066.81,116508.58,116508.58,8211.01,5785.30,1817.71,608.00,19347.23,25882.04,16490.09,11476.91,4301.42,3497.06,3473.75,23.31,172.73,631.29,604.81,24.06,2.42,4301.42,3478.61,3478.61,245.16,172.73,54.27,18.15,577.65,30314.56,21098.57,3334.55,2711.00,623.29,3334.55,2711.00,2692.92,18.07,133.91,489.39,468.86,18.65,1.87,3334.55,2696.69,2696.69,190.05,133.91,42.07,14.07,447.81,36885.24,23500.50,16356.07,1.69,9.04,7.35,7.30,0.36,1.33,1.27,0.05,9.04,7.31,7.31,0.52,0.36,0.11,0.04,1.21,63.71,16.57,16.46,0.11,16.49,81.30,80.76,0.54,4.02,14.68,14.06,0.56,0.06,80.87,80.87,5.70,4.02,1.26,0.42,13.43,192238.16,156290.01,35933.10,15.05,192238.16,156290.01,155248.10,1041.91,7719.72,28213.38,27030.22,1075.21,107.94,15.05,192238.16,155465.33,155465.33,10956.50,7719.72,2425.49,811.30,25816.32,2126448.97,1354813.27,942933.87,236950.18,192640.98,44290.65,18.55,236950.18,192640.98,191356.73,1284.25,9515.22,34775.43,33317.09,1325.29,133.05,18.55,236950.18,191624.49,191624.49,13504.84,9515.22,2989.62,999.99,,31820.85,2621032.55,1669924.70,1162247.67,3122.19,2538.34,583.60,3122.19,2538.34,2521.42,16.92,125.38,458.22,439.00,17.46,1.75,3122.19,2524.95,2524.95,177.95,125.38,39.39,13.18,419.29,34536.17,22003.85,15314.42,3848.37,3128.73,719.34,3848.37,3128.73,3107.87,20.86,154.54,564.80,541.11,21.52,2.16,3848.37,3112.22,3112.22,219.34,154.54,48.56,16.24,516.81,27121.65,18876.35
GBR,2009,9.85,3829.68,152521.56,126222.75,26287.39,11.43,99.99,82.76,17.24,12.35,3.70,8.15,17.24,3169.34,660.05,472.90,82.35,82.35,17.65,3.70,47.29,38889.06,152521.57,126222.75,125431.60,791.15,5640.02,20647.38,19755.45,809.96,81.97,11.43,152521.57,125607.11,125607.11,8080.75,5640.02,1841.73,599.00,18833.71,24963.63,16048.14,11804.20,3829.68,3169.34,3149.48,19.87,141.62,518.44,496.04,20.34,2.06,3829.68,3153.88,3153.88,202.90,141.62,46.24,15.04,472.90,25000.25,18388.92,3462.00,2865.06,596.68,3462.00,2865.06,2847.10,17.96,128.02,468.66,448.42,18.38,1.86,3462.00,2851.09,2851.09,183.42,128.02,41.80,13.60,427.50,35155.39,22600.02,16623.43,1.70,9.85,8.15,8.10,0.36,1.33,1.28,0.05,9.85,8.11,8.11,0.52,0.36,0.12,0.04,1.22,64.29,17.24,17.13,0.11,17.15,82.76,82.24,0.52,3.70,13.54,12.95,0.53,0.05,82.35,82.35,5.30,3.70,1.21,0.39,12.35,199742.55,165301.57,34426.02,14.96,199742.55,165301.57,164265.48,1036.09,7386.18,27039.85,25871.78,1060.73,107.34,14.96,199742.55,164495.33,164495.33,10582.57,7386.18,2411.94,784.45,24664.66,2028314.27,1303923.61,959100.15,246199.99,203748.50,42433.05,18.44,246200.00,203748.50,202471.43,1277.07,9104.10,33328.95,31889.21,1307.44,132.31,18.44,246200.00,202754.74,202754.74,13043.93,9104.10,2972.92,966.90,,30401.33,2500073.02,1607198.79,1182174.01,3219.46,2664.33,554.88,3219.46,2664.33,2647.63,16.70,119.05,435.83,417.00,17.10,1.73,3219.46,2651.34,2651.34,170.57,119.05,38.88,12.64,397.55,32692.42,21016.67,15458.80,3968.26,3284.02,683.94,3968.26,3284.02,3263.44,20.58,146.74,537.20,513.99,21.07,2.13,3968.26,3268.01,3268.01,210.24,146.74,47.92,15.58,490.01,25904.87,19054.31
GBR,2010,9.79,3892.38,157467.36,129295.26,28159.60,12.50,99.99,82.11,17.88,13.07,3.59,8.04,17.01,3196.00,696.07,508.65,81.67,81.67,18.33,3.59,47.25,39761.26,157467.36,129295.26,128429.82,865.44,5646.38,22513.22,21586.07,837.48,89.66,12.50,157467.36,128609.52,128609.52,8280.07,5646.38,2014.68,619.00,20577.77,25732.65,16431.18,12159.55,3892.38,3196.00,3174.61,21.39,139.57,556.50,533.58,20.70,2.22,3892.38,3179.05,3179.05,204.67,139.57,49.80,15.30,508.65,25388.92,18788.55,3586.55,2944.89,641.38,3586.55,2944.89,2925.18,19.71,128.60,512.77,491.66,19.07,2.04,3586.55,2929.27,2929.27,188.59,128.60,45.89,14.10,468.69,36637.20,23394.10,17312.32,1.75,9.79,8.04,7.98,0.35,1.40,1.34,0.05,9.79,8.00,8.00,0.51,0.35,0.13,0.04,1.28,63.85,17.01,16.90,0.11,16.92,82.11,81.56,0.55,3.59,14.30,13.71,0.53,0.06,81.67,81.67,5.26,3.59,1.28,0.39,13.07,203004.51,166685.47,36302.93,16.11,203004.51,166685.47,165569.75,1115.72,7279.23,29023.69,27828.43,1079.67,115.59,16.11,203004.51,165801.43,165801.43,10674.53,7279.23,2597.30,798.01,26528.55,2073721.91,1324142.23,979904.13,250220.64,205454.28,44746.50,19.86,250220.64,205454.28,204079.06,1375.22,8972.28,35774.22,34300.95,1330.79,142.48,19.86,250220.64,204364.62,204364.62,13157.29,8972.28,3201.39,983.61,,32698.73,2556041.87,1632119.99,1207816.72,3247.54,2666.53,580.75,3247.54,2666.53,2648.68,17.85,116.45,464.30,445.18,17.27,1.85,3247.54,2652.39,2652.39,170.76,116.45,41.55,12.77,424.39,33174.14,21182.82,15675.91,4002.88,3286.73,715.83,4002.88,3286.73,3264.73,22.00,143.53,572.29,548.73,21.29,2.28,4002.88,3269.30,3269.30,210.48,143.53,51.21,15.74,523.09,26109.66,19321.92
GBR,2011,9.80,4140.36,162860.92,133375.34,29471.48,14.11,99.99,81.90,18.10,13.22,3.58,8.02,17.56,3390.76,749.24,547.16,81.41,81.41,18.59,3.58,45.68,42267.51,162860.92,133375.34,132398.42,976.92,5831.71,23639.76,22660.51,878.03,101.21,14.11,162860.92,132583.68,132583.68,8754.90,5831.71,2274.18,649.00,21522.34,26380.88,16874.38,12051.52,4140.36,3390.76,3365.92,24.84,148.26,600.99,576.09,22.32,2.57,4140.36,3370.63,3370.63,222.57,148.26,57.82,16.50,547.16,27036.16,19308.96,3660.03,2997.39,662.32,3660.03,2997.39,2975.43,21.95,131.06,531.26,509.26,19.73,2.27,3660.03,2979.60,2979.60,196.75,131.06,51.11,14.59,483.68,37363.94,23899.62,17068.88,1.77,9.80,8.02,7.96,0.35,1.42,1.36,0.05,9.80,7.97,7.97,0.53,0.35,0.14,0.04,1.29,63.96,17.56,17.43,0.13,17.46,81.90,81.30,0.60,3.58,14.52,13.91,0.54,0.06,81.41,81.41,5.38,3.58,1.40,0.40,13.22,205459.91,168261.88,37180.23,17.80,205459.90,168261.88,167029.43,1232.45,7357.10,29823.13,28587.75,1107.70,127.68,17.80,205459.90,167263.15,167263.15,11044.89,7357.10,2869.04,818.76,27151.86,2097468.14,1341633.26,958181.34,253247.14,207397.34,45827.86,21.94,253247.13,207397.34,205878.24,1519.10,9068.26,36759.59,35236.88,1365.33,157.38,21.94,253247.13,206166.32,206166.32,13613.78,9068.26,3536.33,1009.19,,33467.03,2585311.15,1653679.21,1181041.49,3260.10,2669.87,589.95,3260.10,2669.87,2650.31,19.56,116.74,473.21,453.61,17.58,2.03,3260.10,2654.02,2654.02,175.25,116.74,45.52,12.99,430.83,33281.24,21288.15,15203.79,4018.36,3290.84,727.17,4018.36,3290.84,3266.74,24.10,143.89,583.28,559.12,21.66,2.50,4018.36,3271.31,3271.31,216.01,143.89,56.11,16.01,531.03,26239.49,18739.99
GBR,2012,9.89,4217.25,169513.84,137344.65,32153.79,15.41,99.99,81.02,18.97,14.11,3.53,8.01,17.61,3416.93,799.94,595.23,80.51,80.51,19.49,3.53,45.50,42634.63,169513.84,137344.65,136277.79,1066.86,5979.13,26174.65,25168.64,895.48,110.53,15.41,169513.84,136467.47,136467.47,9120.70,5979.13,2483.57,658.00,23925.68,26989.73,17324.98,12280.97,4217.25,3416.93,3390.38,26.54,148.75,651.19,626.16,22.28,2.75,4217.25,3395.10,3395.10,226.91,148.75,61.79,16.37,595.23,27367.60,19399.77,3805.00,3082.91,721.74,3805.00,3082.91,3058.96,23.95,134.21,587.53,564.95,20.10,2.48,3805.00,3063.22,3063.22,204.73,134.21,55.75,14.77,537.05,38466.96,24692.33,17503.38,1.88,9.89,8.01,7.95,0.35,1.53,1.47,0.05,9.89,7.96,7.96,0.53,0.35,0.14,0.04,1.40,64.19,17.61,17.48,0.14,17.50,81.02,80.39,0.63,3.53,15.44,14.85,0.53,0.07,80.51,80.51,5.38,3.53,1.47,0.39,14.11,210612.11,170643.56,39949.40,19.14,210612.11,170643.56,169318.04,1325.52,7428.76,32520.64,31270.73,1112.59,137.33,19.14,210612.11,169553.71,169553.71,11331.99,7428.76,3085.70,817.53,29726.41,2129201.50,1366755.99,968837.22,259597.67,210332.97,49241.10,23.60,259597.66,210332.97,208699.16,1633.82,9156.59,40084.51,38543.88,1371.36,169.27,23.60,259597.66,208989.63,208989.63,13967.66,9156.59,3803.40,1007.68,,36640.37,2624425.28,1684645.14,1194175.79,3316.98,2687.51,629.17,3316.98,2687.51,2666.63,20.88,117.00,512.18,492.49,17.52,2.16,3316.98,2670.34,2670.34,178.47,117.00,48.60,12.88,468.17,33533.33,21525.38,15258.46,4088.47,3312.59,775.51,4088.47,3312.59,3286.86,25.73,144.21,631.30,607.04,21.60,2.67,4088.47,3291.43,3291.43,219.98,144.21,59.90,15.87,577.06,26531.90,18807.37
GBR,2013,9.98,4348.29,177748.20,141436.82,36294.08,17.30,99.99,79.57,20.42,15.62,3.44,7.94,18.14,3459.99,887.87,679.09,79.01,79.01,20.99,3.44,43.77,43577.76,177748.20,141436.82,140238.91,1197.91,6118.69,30175.39,29155.41,895.87,124.11,17.30,177748.20,140434.10,140434.10,9554.33,6118.69,2788.64,647.00,27759.76,27874.99,18043.75,12201.36,4348.29,3459.99,3430.69,29.30,149.68,738.19,713.23,21.92,3.04,4348.29,3435.47,3435.47,233.73,149.68,68.22,15.83,679.09,28208.30,19074.73,4000.63,3183.36,816.88,4000.63,3183.36,3156.40,26.96,137.72,679.17,656.21,20.16,2.79,4000.63,3160.79,3160.79,215.04,137.72,62.76,14.56,624.80,40093.60,25952.97,17549.65,2.04,9.98,7.94,7.87,0.34,1.69,1.64,0.05,9.98,7.88,7.88,0.54,0.34,0.16,0.04,1.56,64.73,18.14,17.99,0.15,18.01,79.57,78.90,0.67,3.44,16.98,16.40,0.50,0.07,79.01,79.01,5.38,3.44,1.57,0.36,15.62,216264.41,172084.73,44158.63,21.05,216264.41,172084.73,170627.25,1457.49,7444.54,36714.08,35473.09,1089.99,151.00,21.05,216264.41,170864.73,170864.73,11624.65,7444.54,3392.91,787.20,33775.02,2167363.65,1402955.20,948691.92,266564.62,212109.34,54429.34,25.94,266564.61,212109.34,210312.86,1796.48,9176.04,45253.29,43723.66,1343.51,186.12,25.94,266564.61,210605.58,210605.58,14328.39,9176.04,4182.06,970.29,,41630.64,2671463.43,1729263.81,1169344.97,3384.14,2692.81,691.00,3384.14,2692.81,2670.00,22.81,116.49,574.51,555.09,17.06,2.36,3384.14,2673.72,2673.72,181.90,116.49,53.09,12.32,528.52,33915.22,21953.65,14845.27,4171.24,3319.12,851.72,4171.24,3319.12,3291.01,28.11,143.59,708.13,684.19,21.02,2.91,4171.24,3295.59,3295.59,224.21,143.59,65.44,15.18,651.44,27059.77,18298.08
GBR,2014,9.90,4716.30,184445.88,147863.65,36564.50,17.72,99.99,80.17,19.82,15.08,3.42,7.94,18.43,3780.89,934.96,711.29,79.60,79.60,20.40,3.42,43.08,47624.70,184445.87,147863.65,146636.41,1227.24,6308.68,30255.82,29247.08,881.60,127.15,17.72,184445.87,146819.02,146819.02,9809.59,6308.68,2856.91,644.00,27817.26,28942.96,18627.24,12469.53,4716.30,3780.89,3749.51,31.38,161.31,773.64,747.85,22.54,3.25,4716.30,3754.18,3754.18,250.83,161.31,73.05,16.47,711.29,30650.51,20518.20,4103.75,3289.83,813.53,4103.75,3289.83,3262.52,27.30,140.36,673.16,650.72,19.61,2.83,4103.75,3266.59,3266.59,218.25,140.36,63.56,14.33,618.91,41439.19,26669.62,17853.29,1.96,9.90,7.94,7.87,0.34,1.62,1.57,0.05,9.90,7.88,7.88,0.53,0.34,0.15,0.03,1.49,64.36,18.43,18.27,0.15,18.30,80.17,79.50,0.67,3.42,16.40,15.86,0.48,0.07,79.60,79.60,5.32,3.42,1.55,0.35,15.08,221494.60,177564.28,43909.03,21.28,221494.59,177564.28,176090.54,1473.75,7575.87,36333.16,35121.79,1058.68,152.68,21.28,221494.59,176309.82,176309.82,11779.99,7575.87,3430.76,773.36,33404.78,2236627.87,1439458.86,963608.90,273011.27,218863.36,54121.68,26.23,273011.27,218863.36,217046.84,1816.52,9337.92,44783.76,43290.65,1304.91,188.20,26.23,273011.27,217317.13,217317.13,14519.86,9337.92,4228.71,953.23,,41174.28,2756837.59,1774257.73,1187731.44,3441.97,2759.30,682.33,3441.97,2759.30,2736.40,22.90,117.73,564.61,545.78,16.45,2.37,3441.97,2739.81,2739.81,183.06,117.73,53.31,12.02,519.10,34756.58,22368.79,14974.22,4242.52,3401.08,841.04,4242.52,3401.08,3372.85,28.23,145.11,695.93,672.72,20.28,2.92,4242.52,3377.05,3377.05,225.63,145.11,65.71,14.81,639.84,27571.48,18457.02
GBR,2015,9.84,4440.74,188506.95,151541.43,36946.07,19.45,99.99,80.39,19.60,14.94,3.29,7.91,18.66,3569.93,870.35,663.56,79.77,79.77,20.23,3.29,42.37,45146.65,188506.96,151541.43,150194.64,1346.80,6203.09,30742.98,29736.88,866.57,139.53,19.45,188506.96,150362.86,150362.86,9976.33,6203.09,3135.24,638.00,28167.77,29550.51,18940.03,12519.58,4440.74,3569.93,3538.20,31.73,146.13,724.23,700.52,20.41,3.29,4440.74,3542.16,3542.16,235.02,146.13,73.86,15.03,663.56,28936.17,19127.14,4197.04,3374.01,822.59,4197.04,3374.01,3344.03,29.99,138.11,684.48,662.08,19.29,3.11,4197.04,3347.77,3347.77,222.12,138.11,69.80,14.20,627.15,42669.08,27348.21,18077.48,1.93,9.84,7.91,7.84,0.32,1.60,1.55,0.05,9.84,7.85,7.85,0.52,0.32,0.16,0.03,1.47,64.09,18.66,18.50,0.17,18.52,80.39,79.68,0.71,3.29,16.31,15.77,0.46,0.07,79.77,79.77,5.29,3.29,1.66,0.34,14.94,224884.93,180785.83,44075.90,23.20,224884.94,180785.83,179179.13,1606.70,7400.16,36675.75,35475.49,1033.80,166.46,23.20,224884.94,179379.81,179379.81,11901.56,7400.16,3740.28,761.12,33603.57,2286286.79,1465366.57,968624.21,277190.16,222834.19,54327.37,28.60,277190.17,222834.19,220853.79,1980.40,9121.34,45206.03,43726.61,1274.24,205.17,28.60,277190.17,221101.15,221101.15,14669.70,9121.34,4610.21,938.15,,41419.31,2818046.51,1806191.22,1193913.24,3467.59,2787.61,679.62,3467.59,2787.61,2762.83,24.77,114.11,565.52,547.01,15.94,2.57,3467.59,2765.93,2765.93,183.51,114.11,57.67,11.74,518.15,35253.16,22595.06,14935.60,4274.10,3435.97,837.70,4274.10,3435.97,3405.43,30.54,140.65,697.05,674.24,19.65,3.16,4274.10,3409.25,3409.25,226.20,140.65,71.09,14.47,638.66,27850.37,18409.42
GBR,2016,9.77,4016.64,194493.48,157520.18,36951.39,21.91,99.99,80.99,19.00,14.74,2.82,7.91,19.02,3253.07,763.11,592.24,80.30,80.30,19.70,2.82,41.57,41131.04,194493.49,157520.18,156002.77,1517.41,5493.02,31458.37,30445.35,855.82,157.21,21.91,194493.49,156170.60,156170.60,9645.44,5493.02,3532.42,620.00,28677.45,30463.05,19722.60,12664.24,4016.64,3253.07,3221.74,31.34,113.44,649.67,628.75,17.67,3.25,4016.64,3225.20,3225.20,199.20,113.44,72.95,12.80,592.24,26629.35,17099.19,4320.14,3498.88,820.77,4320.14,3498.88,3465.17,33.71,122.01,698.76,676.26,19.01,3.49,4320.14,3468.90,3468.90,214.25,122.01,78.46,13.77,636.99,44238.91,28641.47,18391.21,1.86,9.77,7.91,7.83,0.28,1.58,1.53,0.04,9.77,7.84,7.84,0.48,0.28,0.18,0.03,1.44,64.74,19.02,18.84,0.18,18.86,80.99,80.21,0.78,2.82,16.17,15.65,0.44,0.08,80.30,80.30,4.96,2.82,1.82,0.32,14.74,227555.73,184297.28,43232.81,25.64,227555.74,184297.28,182521.92,1775.36,6426.79,36806.03,35620.80,1001.30,183.93,25.64,227555.74,182718.28,182718.28,11285.08,6426.79,4132.90,725.39,33552.38,2330207.82,1508639.75,968724.92,280482.15,227162.36,53288.18,31.60,280482.16,227162.36,224974.08,2188.29,7921.57,45366.62,43905.72,1234.19,226.71,31.60,280482.16,225216.10,225216.10,13909.84,7921.57,5094.16,894.11,,41356.21,2872182.97,1859529.17,1194037.38,3480.56,2818.90,661.26,3480.56,2818.90,2791.75,27.15,98.30,562.96,544.84,15.32,2.81,3480.56,2794.75,2794.75,172.61,98.30,63.21,11.10,513.20,35641.51,23075.28,14817.06,4290.09,3474.54,815.07,4290.09,3474.54,3441.07,33.47,121.16,693.90,671.56,18.88,3.47,4290.09,3444.78,3444.78,212.76,121.16,77.92,13.68,632.56,28442.28,18263.30
GBR,2017,9.60,3907.82,199921.78,161034.99,38861.50,25.29,99.99,80.55,19.44,14.89,3.01,7.73,18.80,3147.71,759.62,581.71,79.76,79.76,20.24,3.01,41.13,40705.77,199921.78,161034.99,159283.52,1751.47,6008.77,32852.72,31800.65,870.61,181.46,25.29,199921.78,159452.65,159452.65,10709.05,6008.77,4077.27,623.00,29760.07,31627.45,20304.33,13008.13,3907.82,3147.71,3113.48,34.24,117.45,642.16,621.60,17.02,3.55,3907.82,3116.78,3116.78,209.33,117.45,79.70,12.18,581.71,26132.47,16741.97,4435.12,3572.45,862.11,4435.12,3572.45,3533.59,38.86,133.30,728.81,705.47,19.31,4.03,4435.12,3537.34,3537.34,237.57,133.30,90.45,13.82,660.21,46198.36,29658.63,19001.04,1.87,9.60,7.73,7.65,0.29,1.58,1.53,0.04,9.60,7.66,7.66,0.51,0.29,0.20,0.03,1.43,64.20,18.80,18.60,0.20,18.62,80.55,79.67,0.88,3.01,16.43,15.91,0.44,0.09,79.76,79.76,5.36,3.01,2.04,0.31,14.89,229643.37,184975.43,44638.89,29.05,229643.36,184975.43,182963.58,2011.85,6902.07,37736.81,36528.33,1000.04,208.43,29.05,229643.36,183157.86,183157.86,12301.12,6902.07,4683.43,715.62,34184.39,2392076.45,1535675.81,983842.84,283055.34,227998.24,55021.29,35.81,283055.34,227998.24,225518.46,2479.78,8507.40,46513.88,45024.33,1232.64,256.91,35.81,283055.34,225757.92,225757.92,15162.20,8507.40,5772.73,882.06,,42135.22,2948441.41,1892853.45,1212671.52,3487.68,2809.29,677.95,3487.68,2809.29,2778.74,30.55,104.82,573.12,554.77,15.19,3.17,3487.68,2781.69,2781.69,186.82,104.82,71.13,10.87,519.17,36329.37,23322.89,14941.99,4298.87,3462.70,835.63,4298.87,3462.70,3425.03,37.66,129.21,706.42,683.80,18.72,3.90,4298.87,3428.67,3428.67,230.27,129.21,87.67,13.40,639.92,28747.48,18417.30
GBR,2018,9.74,4219.49,209599.45,167513.48,42061.02,24.96,99.99,79.92,20.07,15.66,2.94,7.78,19.03,3372.25,846.74,660.65,79.18,79.18,20.82,2.94,40.91,43328.44,209599.45,167513.48,165785.50,1727.97,6172.61,35888.41,34830.61,878.78,179.02,24.96,209599.45,165956.85,165956.85,10825.20,6172.61,4022.59,630.00,32817.40,32476.05,20998.91,13285.61,4219.49,3372.25,3337.46,34.79,124.26,722.48,701.18,17.69,3.60,4219.49,3340.91,3340.91,217.92,124.26,80.98,12.68,660.65,28016.03,17725.21,4598.77,3675.37,922.85,4598.77,3675.37,3637.46,37.91,135.43,787.42,764.21,19.28,3.93,4598.77,3641.22,3641.22,237.51,135.43,88.26,13.82,720.04,47223.19,30534.37,19318.51,1.95,9.74,7.78,7.70,0.29,1.67,1.62,0.04,9.74,7.71,7.71,0.50,0.29,0.19,0.03,1.52,64.66,19.03,18.83,0.20,18.85,79.92,79.10,0.82,2.94,17.12,16.62,0.42,0.09,79.18,79.18,5.16,2.94,1.92,0.30,15.66,236219.52,188788.44,47402.96,28.12,236219.52,188788.44,186841.00,1947.43,6956.56,40446.40,39254.25,990.39,201.76,28.12,236219.52,187034.12,187034.12,12200.05,6956.56,4533.47,710.01,36985.36,2425656.24,1568421.70,992310.54,291161.02,232698.10,58428.25,34.67,291161.02,232698.10,230297.72,2400.38,8574.56,49853.69,48384.27,1220.74,248.69,34.67,291161.02,230535.75,230535.75,15037.61,8574.56,5587.90,875.15,,45587.66,2989831.42,1933215.60,1223108.69,3564.31,2848.62,715.26,3564.31,2848.62,2819.24,29.38,104.97,610.29,592.31,14.94,3.04,3564.31,2822.15,2822.15,184.09,104.97,68.41,10.71,558.07,36600.65,23665.87,14972.94,4393.32,3511.17,881.62,4393.32,3511.17,3474.96,36.22,129.38,752.24,730.07,18.42,3.75,4393.32,3478.55,3478.55,226.90,129.38,84.32,13.21,687.87,29170.23,18455.45
GBR,2019,9.95,4258.63,222361.84,177758.22,44578.71,24.92,99.99,79.94,20.05,15.80,2.87,7.96,19.46,3404.39,853.76,672.78,79.24,79.24,20.76,2.87,40.88,42783.66,222361.84,177758.22,176032.54,1725.68,6371.08,38207.63,37139.33,889.51,178.79,24.92,222361.84,176204.73,176204.73,11028.32,6371.08,4017.24,640.00,35128.79,33518.65,21425.38,13702.42,4258.63,3404.39,3371.34,33.05,122.02,731.75,711.29,17.04,3.42,4258.63,3374.64,3374.64,211.21,122.02,76.94,12.26,672.78,27347.66,17489.96,4982.20,3982.82,998.82,4982.20,3982.82,3944.16,38.67,142.75,856.07,832.14,19.93,4.01,4982.20,3948.01,3948.01,247.10,142.75,90.01,14.34,787.09,50052.86,31994.18,20461.61,2.00,9.95,7.96,7.88,0.29,1.71,1.66,0.04,9.95,7.89,7.89,0.49,0.29,0.18,0.03,1.57,63.92,19.46,19.28,0.19,19.29,79.94,79.16,0.78,2.87,17.18,16.70,0.40,0.08,79.24,79.24,4.96,2.87,1.81,0.29,15.80,245410.56,196183.58,49199.47,27.51,245410.56,196183.58,194279.03,1904.55,7031.47,42168.00,40988.97,981.71,197.32,27.51,245410.56,194469.07,194469.07,12171.45,7031.47,4433.65,706.34,38770.04,2465476.08,1575951.84,1007886.73,302489.77,241813.26,60642.61,33.90,302489.77,241813.26,239465.73,2347.53,8666.89,51975.72,50522.46,1210.05,243.21,33.90,302489.77,239699.97,239699.97,15002.37,8666.89,5464.85,870.62,,47787.43,3038912.82,1942497.15,1242307.69,3682.24,2943.62,738.21,3682.24,2943.62,2915.04,28.58,105.50,632.71,615.01,14.73,2.96,3682.24,2917.89,2917.89,182.63,105.50,66.52,10.60,581.72,36992.99,23646.21,15122.74,4538.68,3628.26,909.91,4538.68,3628.26,3593.04,35.22,130.04,779.86,758.06,18.16,3.65,4538.68,3596.55,3596.55,225.10,130.04,82.00,13.06,717.02,29146.01,18640.08
GBR,2020,11.97,4816.15,251788.09,214083.74,37680.52,23.83,99.99,85.03,14.97,11.45,2.40,10.17,19.37,4094.95,720.75,551.45,84.44,84.44,15.56,2.40,52.53,40250.41,251788.10,214083.74,212433.93,1649.81,6038.36,31642.18,30752.05,719.20,170.92,23.83,251788.10,212601.21,212601.21,10356.98,6038.36,3840.62,478.00,28829.91,31395.31,18591.02,16491.79,4816.15,4094.95,4063.39,31.56,115.50,605.25,588.22,13.76,3.27,4816.15,4066.59,4066.59,198.11,115.50,73.46,9.14,551.45,23834.64,21143.32,5748.91,4888.03,860.33,5748.91,4888.03,4850.36,37.67,137.87,722.46,702.14,16.42,3.90,5748.91,4854.18,4854.18,236.47,137.87,87.69,10.91,658.25,48045.77,28450.73,25238.18,1.79,11.97,10.17,10.10,0.29,1.50,1.46,0.03,11.97,10.10,10.10,0.49,0.29,0.18,0.02,1.37,59.22,19.37,19.22,0.15,19.23,85.03,84.37,0.66,2.40,12.57,12.21,0.29,0.07,84.44,84.44,4.11,2.40,1.53,0.19,11.45,264443.64,224844.17,39574.45,25.02,264443.65,224844.17,223111.44,1732.73,6341.86,33232.60,32297.73,755.35,179.52,25.02,264443.65,223287.13,223287.13,10877.55,6341.86,4033.66,502.03,30278.98,2210055.20,1308704.00,1160929.93,325949.70,277139.91,48778.94,30.84,325949.71,277139.91,275004.17,2135.74,7816.89,40962.06,39809.75,931.04,221.27,30.84,325949.71,275220.72,275220.72,13407.52,7816.89,4971.84,618.79,,37321.46,2724084.47,1613091.03,1430946.70,3945.42,3354.60,590.44,3945.42,3354.60,3328.75,25.85,94.62,495.82,481.87,11.27,2.68,3945.42,3331.37,3331.37,162.29,94.62,60.18,7.49,451.75,32973.33,19525.45,17320.71,4863.07,4134.84,727.77,4863.07,4134.84,4102.98,31.86,116.63,611.14,593.95,13.89,3.30,4863.07,4106.21,4106.21,200.04,116.63,74.18,9.23,556.82,24066.81,21349.27
GBR,2021,12.02,5612.05,274524.25,231459.02,43040.14,25.10,99.99,84.31,15.68,12.39,2.24,10.13,22.09,4731.67,879.86,695.33,83.73,83.73,16.27,2.24,45.88,46693.01,274524.24,231459.02,229721.27,1737.75,6159.46,36880.67,36038.03,662.61,180.04,25.10,274524.24,229868.01,229868.01,10642.79,6159.46,4045.34,438.00,34013.44,33948.86,20352.79,15576.78,5612.05,4731.67,4696.15,35.52,125.92,753.94,736.72,13.55,3.68,5612.05,4699.15,4699.15,217.57,125.92,82.70,8.95,695.33,27993.09,21424.20,6327.11,5334.56,991.97,6327.10,5334.56,5294.51,40.05,141.96,850.01,830.59,15.27,4.15,6327.10,5297.89,5297.89,245.29,141.96,93.24,10.09,783.93,52642.37,31559.81,24153.95,1.88,12.02,10.13,10.06,0.27,1.61,1.58,0.03,12.02,10.06,10.06,0.47,0.27,0.18,0.02,1.49,59.95,22.09,21.92,0.17,21.93,84.31,83.68,0.63,2.24,13.43,13.13,0.24,0.07,83.73,83.73,3.88,2.24,1.47,0.16,12.39,288670.22,243385.88,45257.95,26.39,288670.21,243385.88,241558.58,1827.29,6476.85,38781.10,37895.04,696.75,189.31,26.39,288670.21,241712.89,241712.89,11191.21,6476.85,4253.79,460.57,35766.12,2401775.36,1439896.55,1102008.73,355811.05,299994.17,55784.35,32.53,355811.04,299994.17,297741.88,2252.30,7983.28,47801.06,46708.92,858.80,233.34,32.53,355811.04,297932.07,297932.07,13794.13,7983.28,5243.16,567.69,,44084.84,2960396.17,1774797.21,1358321.21,4290.58,3617.51,672.68,4290.58,3617.51,3590.35,27.16,96.27,576.41,563.24,10.36,2.81,4290.58,3592.64,3592.64,166.34,96.27,63.23,6.85,531.60,35698.21,21401.55,16379.44,5288.51,4458.89,829.14,5288.51,4458.89,4425.41,33.48,118.66,710.48,694.25,12.76,3.47,5288.51,4428.24,4428.24,205.03,118.66,77.93,8.44,655.24,26379.27,20189.08
GBR,2022,11.05,5035.62,276953.78,230055.37,46870.92,27.49,99.99,83.07,16.92,13.29,2.51,9.18,20.67,4182.90,852.21,669.17,82.43,82.43,17.57,2.51,44.42,45567.58,276953.79,230055.37,228151.86,1903.51,6948.80,39922.12,39021.48,703.44,197.21,27.49,276953.79,228289.42,228289.42,11860.61,6948.80,4431.22,480.59,36803.76,36969.07,22900.25,16421.09,5035.62,4182.90,4148.29,34.61,126.34,725.87,709.49,12.79,3.59,5035.62,4150.79,4150.79,215.65,126.34,80.57,8.74,669.17,28226.54,20240.41,6449.47,5357.34,1091.49,6449.47,5357.34,5313.01,44.33,161.82,929.67,908.70,16.38,4.59,6449.47,5316.22,5316.22,276.20,161.82,103.19,11.19,857.06,58361.63,36151.74,25923.34,1.87,11.05,9.18,9.10,0.28,1.59,1.56,0.03,11.05,9.11,9.11,0.47,0.28,0.18,0.02,1.47,61.94,20.67,20.50,0.17,20.51,83.07,82.38,0.69,2.51,14.41,14.09,0.25,0.07,82.43,82.43,4.28,2.51,1.60,0.17,13.29,276953.78,230055.37,46870.92,27.49,276953.79,230055.37,228151.86,1903.51,6948.80,39922.12,39021.48,703.44,197.21,27.49,276953.79,228289.42,228289.42,11860.61,6948.80,4431.22,480.59,36803.76,2506170.00,1552431.00,1113202.00,341369.52,283563.17,57772.47,33.88,341369.53,283563.17,281216.93,2346.24,8565.00,49207.48,48097.35,867.05,243.08,33.88,341369.53,281386.48,281386.48,14619.23,8565.00,5461.86,592.37,,45363.82,3089071.60,1913505.67,1372117.89,4085.41,3393.60,691.40,4085.41,3393.60,3365.52,28.08,102.50,588.90,575.61,10.38,2.91,4085.41,3367.55,3367.55,174.96,102.50,65.37,7.09,542.90,36969.07,22900.25,16421.09,5035.62,4182.90,852.21,5035.62,4182.90,4148.29,34.61,126.34,725.87,709.49,12.79,3.59,5035.62,4150.79,4150.79,215.65,126.34,80.57,8.74,669.17,28226.54,20240.41
